{
  "IsEncrypted": false,
  "Values": {
    "AzureWebJobsStorage": "UseDevelopmentStorage=true",
    "FUNCTIONS_WORKER_RUNTIME": "dotnet",
    "Config:AppId": "eef95d6c-cd2c-4044-84c2-ef01d143a6e4",
    "Config:AppSecret": "HRw7Q~PS_.Wxu2nt2iSE55XxA.wQ-EqIegJDX",
    "Config:Tenant": "identityb2c",
    "Config:RedirectUri": "http://localhost:7071/authorization_callback",
    //"Config:RedirectUri": "https://jwt.ms",
    "Config:SignInPolicy": "B2C_1A_B2CASENTRYPOINTSIGNUP_SIGNIN",
    "Config:VerificationUri": "http://localhost:7071",
    "Config:Redis": "127.0.0.1"
  }
}
